{
  "diabetes": {
    "code": "E11",
    "system": "ICD-10",
    "display": "Type 2 diabetes mellitus",
    "synonyms": [
      "diabetes",
      "diabetic"
    ]
  },
  "hypertension": {
    "code": "I10",
    "system": "ICD-10",
    "display": "Essential (primary) hypertension",
    "synonyms": [
      "hypertension",
      "high blood pressure",
      "hypertensive"
    ]
  },
  "asthma": {
    "code": "J45",
    "system": "ICD-10",
    "display": "Asthma",
    "synonyms": [
      "asthma",
      "asthmatic"
    ]
  }
}